{
  "project_info": {
    "project_number": "204243841871",
    "firebase_url": "https://fir-backend-8a281.firebaseio.com",
    "project_id": "fir-backend-8a281",
    "storage_bucket": "fir-backend-8a281.appspot.com"
  },
  "client": [
    {
      "client_info": {
        "mobilesdk_app_id": "1:204243841871:android:285d495e94bb085c",
        "android_client_info": {
          "package_name": "com.example.fireappbackend"
        }
      },
      "oauth_client": [
        {
          "client_id": "204243841871-85t4uktdrcicm1jefjcnfi9oj5smni8m.apps.googleusercontent.com",
          "client_type": 1,
          "android_info": {
            "package_name": "com.example.fireappbackend",
            "certificate_hash": "fc6ca9694a63f85949e22bb2e95fb62891c8b9b7"
          }
        },
        {
          "client_id": "204243841871-ln3ae0u56rejgd9f14prrppvja5do2gh.apps.googleusercontent.com",
          "client_type": 3
        }
      ],
      "api_key": [
        {
          "current_key": "AIzaSyDn-vnyDLyYyoPuu19hnDQ33NPWebLd08E"
        }
      ],
      "services": {
        "analytics_service": {
          "status": 1
        },
        "appinvite_service": {
          "status": 2,
          "other_platform_oauth_client": [
            {
              "client_id": "204243841871-ln3ae0u56rejgd9f14prrppvja5do2gh.apps.googleusercontent.com",
              "client_type": 3
            }
          ]
        },
        "ads_service": {
          "status": 2
        }
      }
    },
    {
      "client_info": {
        "mobilesdk_app_id": "1:204243841871:android:4eb3156291dba75b",
        "android_client_info": {
          "package_name": "com.example.myapplication5"
        }
      },
      "oauth_client": [
        {
          "client_id": "204243841871-fhgir69jibqs1loqjskk1br6ujsf24b1.apps.googleusercontent.com",
          "client_type": 1,
          "android_info": {
            "package_name": "com.example.myapplication5",
            "certificate_hash": "741f5f70e3ddd1b41eeec251f35097b3f3e5bb91"
          }
        },
        {
          "client_id": "204243841871-ln3ae0u56rejgd9f14prrppvja5do2gh.apps.googleusercontent.com",
          "client_type": 3
        }
      ],
      "api_key": [
        {
          "current_key": "AIzaSyDn-vnyDLyYyoPuu19hnDQ33NPWebLd08E"
        }
      ],
      "services": {
        "analytics_service": {
          "status": 1
        },
        "appinvite_service": {
          "status": 2,
          "other_platform_oauth_client": [
            {
              "client_id": "204243841871-ln3ae0u56rejgd9f14prrppvja5do2gh.apps.googleusercontent.com",
              "client_type": 3
            }
          ]
        },
        "ads_service": {
          "status": 2
        }
      }
    }
  ],
  "configuration_version": "1"
}